claim_id,claim_zh,claim_en,label,source_type,related_case_id,split,label_reason
CLAIM001,"这张手机流量卡每月只需9元，就能享受超大流量。","This mobile data card offers a large data allowance for only RMB 9 per month.",evidence_needed,case_derived,CASE001,development,"The price and data allowance require verifiable supporting evidence."
CLAIM002,"这套水乳可以彻底治愈皮肤红肿、瘙痒和痘痘。","This skincare set can completely cure skin redness, itching and acne.",high_risk,case_derived,CASE002,development,"A cosmetic product makes an explicit cure-related claim."
CLAIM003,"这款普通食品可以治愈腰间盘突出、关节疼和便秘。","This ordinary food product can cure lumbar disc problems, joint pain and constipation.",high_risk,case_derived,CASE003,development,"An ordinary food product claims that it can cure medical conditions."
CLAIM004,"吃两盒这款果冻就能瘦20斤。","Eating two boxes of this jelly can help you lose 20 jin.",evidence_needed,case_derived,CASE004,development,"The quantified weight-loss claim requires reliable supporting evidence."
CLAIM005,"使用这款美容仪不会反弹，每分钟相当于做十几万次卷腹。","The effects of this beauty device will not rebound and each minute is equivalent to more than one hundred thousand abdominal exercises.",evidence_needed,case_derived,CASE005,development,"The performance and non-rebound claims require verifiable evidence."
CLAIM006,"这款普通药膏可以治愈湿寒和经络不通。","This ordinary topical product can cure dampness-cold and blocked meridians.",high_risk,case_derived,CASE006,development,"An ordinary product makes an explicit disease-treatment claim."
CLAIM007,"这款咖啡固体饮料可以快速燃烧脂肪并改善身体机能。","This solid coffee beverage can rapidly burn fat and improve bodily functions.",evidence_needed,case_derived,CASE007,development,"The product-effect claims require reliable supporting evidence."
CLAIM008,"这款酵母调制乳粉能够增强免疫力并改善身体状况。","This yeast-based formulated milk powder can strengthen immunity and improve physical condition.",evidence_needed,case_derived,CASE008,development,"An ordinary food product makes health-function claims that require verification."
CLAIM009,"这串项链使用全天然珍珠，并配有权威鉴定证书。","This necklace uses entirely natural pearls and comes with an authoritative authentication certificate.",evidence_needed,case_derived,CASE009,development,"The product-authenticity and certification claims require verification."
CLAIM010,"直播间出售的每块和田玉都是从展示的矿场现场挖出的。","Every piece of Hetian jade sold in the livestream was excavated from the mine shown on screen.",evidence_needed,case_derived,CASE010,development,"The product-origin claim requires verifiable supporting evidence."
CLAIM011,"这款普通食品具有保健食品功效，可以长期调理身体。","This ordinary food product provides health-food benefits and can regulate the body through long-term use.",evidence_needed,case_derived,CASE011,development,"The claimed health-food function requires evidence and verification of the product category."
CLAIM012,"蜂王浆具有九大药理作用，真实用户都证实效果显著。","Royal jelly has nine pharmacological effects, and real users have confirmed its remarkable effectiveness.",high_risk,case_derived,CASE012,development,"The claim combines pharmacological effects with an unverified user testimonial."
CLAIM013,"这是全球最安全、最科学、最彻底的祛斑技术。","This is the world's safest, most scientific and most thorough freckle-removal technology.",high_risk,case_derived,CASE013,development,"The claim uses absolute superlatives that cannot be treated as verified facts."
CLAIM014,"这款骆驼奶粉可以降低血糖并调理三高。","This camel milk powder can lower blood sugar and regulate high blood pressure, high blood glucose and high blood lipids.",high_risk,case_derived,CASE014,development,"An ordinary food product is presented as preventing or treating health conditions."
CLAIM015,"知名网红亲自推荐这款保健食品，效果值得信赖。","A well-known online influencer personally recommends this health food product, so its effectiveness can be trusted.",high_risk,case_derived,CASE015,development,"The health food claim relies on an influencer endorsement as proof of effectiveness."
CLAIM016,"这款固体饮料能够护肝解毒并调节三高。","This solid beverage can protect the liver, remove toxins and regulate high blood pressure, high blood glucose and high blood lipids.",high_risk,case_derived,CASE016,development,"An ordinary beverage is presented as having disease-related and health-regulating functions."
CLAIM017,"这款食品能够清除肾结石、溶解血栓并预防老年痴呆。","This food product can remove kidney stones, dissolve blood clots and prevent Alzheimer's disease.",high_risk,case_derived,CASE017,development,"The ordinary food product makes multiple explicit disease-treatment and prevention claims."
CLAIM018,"这款茶饮可以消除肺部结节并治好咽炎。","This tea drink can eliminate lung nodules and cure pharyngitis.",high_risk,case_derived,CASE018,development,"The ordinary drink makes explicit treatment and cure claims."
CLAIM019,"这款瓶装水可以持续抗氧化并帮助身体抵御自由基。","This bottled water provides continuous antioxidant effects and helps the body resist free radicals.",evidence_needed,case_derived,CASE019,development,"The advertised health function requires reliable supporting evidence."
CLAIM020,"这款固体饮料可以改善鼻炎、哮喘和肺部结节，并提升免疫力。","This solid beverage can improve rhinitis, asthma and lung nodules while strengthening immunity.",high_risk,case_derived,CASE020,development,"The ordinary beverage makes disease-related claims and an additional health-function claim."
CLAIM021,"这款益生菌固体饮料可以提高免疫力，并预防和治疗腹泻及过敏。","This probiotic solid beverage can improve immunity and prevent and treat diarrhoea and allergies.",high_risk,case_derived,CASE021,development,"An ordinary beverage makes explicit disease-prevention and treatment claims."
CLAIM022,"这款白番茄烟酰胺饮品能够美白淡斑并抑制黑色素。","This white tomato and niacinamide drink can whiten the skin, reduce dark spots and suppress melanin.",evidence_needed,case_derived,CASE022,development,"The advertised beauty effects require reliable supporting evidence."
CLAIM023,"这款七色糙米富含膳食纤维。","This seven-colour brown rice product is rich in dietary fibre.",evidence_needed,case_derived,CASE023,development,"The nutrient-content claim must be verified against the applicable quantitative standard."
CLAIM024,"这款即食燕窝可以提高免疫力、护肝并延缓衰老。","This ready-to-eat bird's nest product can improve immunity, protect the liver and delay ageing.",high_risk,case_derived,CASE024,development,"An ordinary food product is presented as having multiple health and medical functions."
CLAIM025,"每天食用这款压片糖果可以缓解焦虑、增强记忆并改善睡眠。","Eating this tablet candy every day can relieve anxiety, improve memory and promote better sleep.",high_risk,case_derived,CASE025,development,"An ordinary food product makes mental-health and cognitive-function claims."
CLAIM026,"这款牛脾肽饮品可以滋养脾胃并恢复免疫功能。","This bovine spleen peptide drink can nourish the digestive system and restore immune function.",evidence_needed,case_derived,CASE026,development,"The ordinary drink makes health-function claims that require verification."
CLAIM027,"鹿茸血食品可以降血压、祛风湿并增强免疫力。","This deer antler blood food can lower blood pressure, relieve rheumatism and strengthen immunity.",high_risk,case_derived,CASE027,development,"The food product makes explicit disease-related and health-function claims."
CLAIM028,"这款洗手液具有美白功效，可以让双手明显变白。","This hand wash has a whitening effect and can make the hands visibly whiter.",evidence_needed,case_derived,CASE028,development,"The advertised cosmetic function requires verification against the product's registered functions."
CLAIM029,"这款五层钢锅采用航空级材料，每年可以节油72斤并节省365度电。","This five-layer steel cookware uses aerospace-grade materials and can save 72 jin of cooking oil and 365 kilowatt-hours of electricity per year.",evidence_needed,case_derived,CASE029,development,"The material and quantified performance claims require verifiable supporting evidence."
CLAIM030,"这款氨基酸洗面奶含有经过备案的舒缓成分。","This amino-acid facial cleanser contains a soothing ingredient recorded in its official product filing.",evidence_needed,case_derived,CASE030,development,"The claimed ingredient and registered function must be checked against the official product filing."