example_id,claim_zh,claim_en,expected_behavior,notes
EXAMPLE001,"这张手机流量卡每月只需9元，就能享受超大流量。","This mobile data card offers a large data allowance for only RMB 9 per month.",evidence_needed,"Case-derived demonstration input linked to CASE001."
EXAMPLE002,"这套水乳可以彻底治愈皮肤红肿、瘙痒和痘痘。","This skincare set can completely cure skin redness, itching and acne.",high_risk,"Case-derived demonstration input linked to CASE002."
EXAMPLE003,"这款普通食品可以治愈腰间盘突出、关节疼和便秘。","This ordinary food product can cure lumbar disc problems, joint pain and constipation.",high_risk,"Case-derived demonstration input linked to CASE003."
EXAMPLE004,"吃两盒这款果冻就能瘦20斤。","Eating two boxes of this jelly can help you lose 20 jin.",evidence_needed,"Case-derived demonstration input linked to CASE004."
EXAMPLE005,"使用这款美容仪不会反弹，每分钟相当于做十几万次卷腹。","The effects of this beauty device will not rebound and each minute is equivalent to more than one hundred thousand abdominal exercises.",evidence_needed,"Case-derived demonstration input linked to CASE005."
EXAMPLE006,"这款普通药膏可以治愈湿寒和经络不通。","This ordinary topical product can cure dampness-cold and blocked meridians.",high_risk,"Case-derived demonstration input linked to CASE006."
EXAMPLE007,"这款咖啡固体饮料可以快速燃烧脂肪并改善身体机能。","This solid coffee beverage can rapidly burn fat and improve bodily functions.",evidence_needed,"Case-derived demonstration input linked to CASE007."
EXAMPLE008,"这款酵母调制乳粉能够增强免疫力并改善身体状况。","This yeast-based formulated milk powder can strengthen immunity and improve physical condition.",evidence_needed,"Case-derived demonstration input linked to CASE008."
EXAMPLE009,"这串项链使用全天然珍珠，并配有权威鉴定证书。","This necklace uses entirely natural pearls and comes with an authoritative authentication certificate.",evidence_needed,"Case-derived demonstration input linked to CASE009."
EXAMPLE010,"直播间出售的每块和田玉都是从展示的矿场现场挖出的。","Every piece of Hetian jade sold in the livestream was excavated from the mine shown on screen.",evidence_needed,"Case-derived demonstration input linked to CASE010."